OrderID,OrderDate,CustomerID,Product,Category,Quantity,UnitPrice,Sales,Region,Salesperson
ORD0001,2023-01-01,CUST255,Comic,Books,12,20.49,245.88,West,David
ORD0002,2023-01-01,CUST289,Yoga Mat,Sports,12,366.98,4403.76,North,Frank
ORD0003,2023-01-02,CUST593,Spices,Food,4,455.21,1820.84,North,David
ORD0004,2023-01-03,CUST982,Running Shoes,Sports,16,429.39,6870.24,West,Frank
ORD0005,2023-01-03,CUST362,Running Shoes,Sports,4,482.44,1929.76,West,Alice
ORD0006,2023-01-04,CUST179,T-Shirt,Clothing,5,381.25,1906.25,East,Carol
ORD0007,2023-01-05,CUST499,Organic Basket,Food,5,223.94,1119.7,West,Bob
ORD0008,2023-01-06,CUST863,Organic Basket,Food,8,159.42,1275.36,South,David
ORD0009,2023-01-06,CUST708,Spices,Food,10,163.77,1637.7,South,Eve
ORD0010,2023-01-07,CUST359,Yoga Mat,Sports,17,363.59,6181.03,East,Frank
ORD0011,2023-01-08,CUST871,Textbook,Books,9,374.19,3367.71,North,Eve
ORD0012,2023-01-09,CUST714,Organic Basket,Food,19,104.18,1979.42,North,Carol
ORD0013,2023-01-09,CUST651,Yoga Mat,Sports,14,434.72,6086.08,West,Frank
ORD0014,2023-01-10,CUST884,Dress,Clothing,8,358.89,2871.12,South,David
ORD0015,2023-01-11,CUST200,Comic,Books,9,283.56,2552.04,North,Alice
ORD0016,2023-01-11,CUST458,Jacket,Clothing,11,238.41,2622.51,East,Eve
ORD0017,2023-01-12,CUST479,Non-Fiction,Books,1,273.9,273.9,East,Carol
ORD0018,2023-01-13,CUST919,Racket,Sports,14,83.83,1173.62,South,David
ORD0019,2023-01-14,CUST320,Camera,Electronics,5,105.83,529.15,East,David
ORD0020,2023-01-14,CUST919,Textbook,Books,14,50.13,701.82,East,David
ORD0021,2023-01-15,CUST519,Dress,Clothing,4,81.06,324.24,South,David
ORD0022,2023-01-16,CUST223,Yoga Mat,Sports,1,229.58,229.58,West,Frank
ORD0023,2023-01-17,CUST521,Comic,Books,19,267.53,5083.07,West,David
ORD0024,2023-01-17,CUST330,Tablet,Electronics,8,13.84,110.72,East,Eve
ORD0025,2023-01-18,CUST789,Camera,Electronics,15,399.41,5991.15,West,Carol
ORD0026,2023-01-19,CUST162,Organic Basket,Food,15,150.61,2259.15,West,Frank
ORD0027,2023-01-19,CUST584,Spices,Food,9,456.36,4107.24,East,David
ORD0028,2023-01-20,CUST727,T-Shirt,Clothing,9,483.92,4355.28,West,Bob
ORD0029,2023-01-21,CUST802,Cookbook,Books,10,96.8,968.0,East,Bob
ORD0030,2023-01-22,CUST673,Cookbook,Books,9,233.74,2103.66,North,Carol
ORD0031,2023-01-22,CUST867,Tea,Food,3,5.61,16.83,South,Alice
ORD0032,2023-01-23,CUST582,Non-Fiction,Books,11,301.17,3312.87,South,Alice
ORD0033,2023-01-24,CUST618,Non-Fiction,Books,6,305.62,1833.72,West,Frank
ORD0034,2023-01-25,CUST254,Camera,Electronics,2,127.53,255.06,West,Frank
ORD0035,2023-01-25,CUST191,Snacks,Food,7,281.41,1969.87,West,Frank
ORD0036,2023-01-26,CUST625,Racket,Sports,18,116.64,2099.52,South,Alice
ORD0037,2023-01-27,CUST554,Snacks,Food,2,84.61,169.22,North,Bob
ORD0038,2023-01-27,CUST840,Running Shoes,Sports,17,327.5,5567.5,North,Alice
ORD0039,2023-01-28,CUST697,Phone,Electronics,11,166.33,1829.63,South,Eve
ORD0040,2023-01-29,CUST744,Dress,Clothing,12,297.18,3566.16,North,David
ORD0041,2023-01-30,CUST609,Fiction,Books,19,219.46,4169.74,South,Frank
ORD0042,2023-01-30,CUST282,Phone,Electronics,7,492.25,3445.75,North,Bob
ORD0043,2023-01-31,CUST485,Non-Fiction,Books,6,79.04,474.24,East,Carol
ORD0044,2023-02-01,CUST673,Dress,Clothing,1,234.98,234.98,East,Carol
ORD0045,2023-02-02,CUST830,T-Shirt,Clothing,17,341.83,5811.11,South,David
ORD0046,2023-02-02,CUST504,Camera,Electronics,11,200.79,2208.69,North,Bob
ORD0047,2023-02-03,CUST345,Shoes,Clothing,18,487.48,8774.64,West,Alice
ORD0048,2023-02-04,CUST841,Dumbbell,Sports,17,362.33,6159.61,North,Alice
ORD0049,2023-02-05,CUST690,T-Shirt,Clothing,7,330.21,2311.47,East,Eve
ORD0050,2023-02-05,CUST760,Non-Fiction,Books,17,379.74,6455.58,East,Eve
ORD0051,2023-02-06,CUST749,Textbook,Books,9,476.56,4289.04,North,Alice
ORD0052,2023-02-07,CUST570,Non-Fiction,Books,17,454.37,7724.29,North,Carol
ORD0053,2023-02-07,CUST925,Non-Fiction,Books,8,363.52,2908.16,West,Frank
ORD0054,2023-02-08,CUST987,Racket,Sports,17,375.84,6389.28,West,Carol
ORD0055,2023-02-09,CUST522,Spices,Food,7,77.23,540.61,North,Eve
ORD0056,2023-02-10,CUST164,Camera,Electronics,1,55.88,55.88,North,David
ORD0057,2023-02-10,CUST112,Textbook,Books,13,287.6,3738.8,North,Alice
ORD0058,2023-02-11,CUST312,Shoes,Clothing,19,14.09,267.71,North,Eve
ORD0059,2023-02-12,CUST341,Fiction,Books,19,243.77,4631.63,South,Eve
ORD0060,2023-02-13,CUST592,Dress,Clothing,17,109.12,1855.04,North,Frank
ORD0061,2023-02-13,CUST312,T-Shirt,Clothing,13,176.28,2291.64,West,Alice
ORD0062,2023-02-14,CUST792,Fiction,Books,16,389.02,6224.32,East,Frank
ORD0063,2023-02-15,CUST437,Racket,Sports,8,470.91,3767.28,South,Alice
ORD0064,2023-02-15,CUST272,Dress,Clothing,19,40.85,776.15,North,Frank
ORD0065,2023-02-16,CUST771,Dress,Clothing,18,269.45,4850.1,East,Carol
ORD0066,2023-02-17,CUST263,Comic,Books,1,441.85,441.85,South,David
ORD0067,2023-02-18,CUST564,Jacket,Clothing,14,45.84,641.76,East,David
ORD0068,2023-02-18,CUST596,Shoes,Clothing,19,413.13,7849.47,North,Alice
ORD0069,2023-02-19,CUST799,Comic,Books,15,182.11,2731.65,North,Bob
ORD0070,2023-02-20,CUST494,Textbook,Books,18,164.44,2959.92,West,Eve
ORD0071,2023-02-21,CUST802,Phone,Electronics,2,488.85,977.7,North,Eve
ORD0072,2023-02-21,CUST407,Dumbbell,Sports,17,104.43,1775.31,North,Alice
ORD0073,2023-02-22,CUST867,Running Shoes,Sports,18,348.13,6266.34,South,Frank
ORD0074,2023-02-23,CUST282,Jacket,Clothing,6,411.61,2469.66,West,Bob
ORD0075,2023-02-23,CUST728,Racket,Sports,19,25.39,482.41,South,Carol
ORD0076,2023-02-24,CUST893,Shoes,Clothing,4,336.84,1347.36,East,Frank
ORD0077,2023-02-25,CUST609,Phone,Electronics,1,476.02,476.02,North,Frank
ORD0078,2023-02-26,CUST807,Comic,Books,8,66.49,531.92,East,Alice
ORD0079,2023-02-26,CUST645,Non-Fiction,Books,7,448.63,3140.41,South,Alice
ORD0080,2023-02-27,CUST663,Comic,Books,3,299.41,898.23,North,Eve
ORD0081,2023-02-28,CUST723,Cycle,Sports,10,310.22,3102.2,North,Alice
ORD0082,2023-03-01,CUST863,Camera,Electronics,10,308.41,3084.1,South,Alice
ORD0083,2023-03-01,CUST693,Yoga Mat,Sports,19,152.92,2905.48,South,Alice
ORD0084,2023-03-02,CUST843,Yoga Mat,Sports,14,467.92,6550.88,South,Eve
ORD0085,2023-03-03,CUST326,Tablet,Electronics,2,473.94,947.88,South,Carol
ORD0086,2023-03-04,CUST844,Camera,Electronics,1,314.53,314.53,South,Carol
ORD0087,2023-03-04,CUST832,Headphones,Electronics,18,392.79,7070.22,North,Alice
ORD0088,2023-03-05,CUST535,Laptop,Electronics,7,308.07,2156.49,South,Eve
ORD0089,2023-03-06,CUST521,Comic,Books,8,244.78,1958.24,North,Carol
ORD0090,2023-03-06,CUST653,Coffee,Food,1,332.11,332.11,North,Frank
ORD0091,2023-03-07,CUST120,Coffee,Food,3,278.74,836.22,South,Carol
ORD0092,2023-03-08,CUST653,Laptop,Electronics,8,300.75,2406.0,South,Carol
ORD0093,2023-03-09,CUST496,Spices,Food,15,393.0,5895.0,West,Eve
ORD0094,2023-03-09,CUST724,Tea,Food,5,243.05,1215.25,North,Frank
ORD0095,2023-03-10,CUST204,Headphones,Electronics,3,25.17,75.51,South,Eve
ORD0096,2023-03-11,CUST291,Spices,Food,19,86.18,1637.42,South,Alice
ORD0097,2023-03-12,CUST116,Racket,Sports,1,222.11,222.11,South,David
ORD0098,2023-03-12,CUST219,Shoes,Clothing,15,363.79,5456.85,West,Carol
ORD0099,2023-03-13,CUST492,Shoes,Clothing,8,298.67,2389.36,West,David
ORD0100,2023-03-14,CUST524,Camera,Electronics,2,326.9,653.8,East,Eve
ORD0101,2023-03-14,CUST228,Textbook,Books,3,242.24,726.72,North,Eve
ORD0102,2023-03-15,CUST229,Headphones,Electronics,14,309.79,4337.06,East,Eve
ORD0103,2023-03-16,CUST671,Cookbook,Books,14,167.86,2350.04,South,David
ORD0104,2023-03-17,CUST659,Dress,Clothing,11,237.74,2615.14,West,Eve
ORD0105,2023-03-17,CUST128,Tablet,Electronics,16,373.42,5974.72,West,Alice
ORD0106,2023-03-18,CUST196,Running Shoes,Sports,4,436.56,1746.24,East,Eve
ORD0107,2023-03-19,CUST109,Organic Basket,Food,5,219.66,1098.3,West,Bob
ORD0108,2023-03-20,CUST341,Fiction,Books,14,26.61,372.54,South,David
ORD0109,2023-03-20,CUST925,Tea,Food,16,85.03,1360.48,West,Bob
ORD0110,2023-03-21,CUST331,Coffee,Food,18,15.33,275.94,East,Eve
ORD0111,2023-03-22,CUST888,Laptop,Electronics,7,328.37,2298.59,South,Alice
ORD0112,2023-03-22,CUST383,Coffee,Food,10,169.5,1695.0,East,Carol
ORD0113,2023-03-23,CUST814,Racket,Sports,7,273.53,1914.71,West,Frank
ORD0114,2023-03-24,CUST858,Snacks,Food,1,249.17,249.17,East,Frank
ORD0115,2023-03-25,CUST901,Laptop,Electronics,19,45.36,861.84,East,Eve
ORD0116,2023-03-25,CUST875,Running Shoes,Sports,16,204.61,3273.76,North,Alice
ORD0117,2023-03-26,CUST825,Dress,Clothing,19,114.18,2169.42,West,David
ORD0118,2023-03-27,CUST299,Tea,Food,4,212.11,848.44,West,Bob
ORD0119,2023-03-28,CUST178,Headphones,Electronics,18,105.77,1903.86,East,Bob
ORD0120,2023-03-28,CUST954,Dress,Clothing,2,421.02,842.04,North,Bob
ORD0121,2023-03-29,CUST955,Shoes,Clothing,1,91.23,91.23,West,David
ORD0122,2023-03-30,CUST272,Non-Fiction,Books,15,480.59,7208.85,South,Frank
ORD0123,2023-03-30,CUST566,Cycle,Sports,5,210.87,1054.35,East,Alice
ORD0124,2023-03-31,CUST680,Organic Basket,Food,11,423.89,4662.79,West,David
ORD0125,2023-04-01,CUST515,Phone,Electronics,10,316.24,3162.4,South,Bob
ORD0126,2023-04-02,CUST548,Non-Fiction,Books,2,369.0,738.0,West,Eve
ORD0127,2023-04-02,CUST186,Cycle,Sports,3,385.02,1155.06,South,Carol
ORD0128,2023-04-03,CUST200,Non-Fiction,Books,12,254.9,3058.8,East,David
ORD0129,2023-04-04,CUST107,Cycle,Sports,5,273.93,1369.65,West,David
ORD0130,2023-04-05,CUST944,Cycle,Sports,5,259.43,1297.15,West,Alice
ORD0131,2023-04-05,CUST299,Spices,Food,6,296.09,1776.54,North,Alice
ORD0132,2023-04-06,CUST604,Yoga Mat,Sports,9,19.55,175.95,East,David
ORD0133,2023-04-07,CUST186,Comic,Books,2,200.78,401.56,South,Bob
ORD0134,2023-04-08,CUST142,Running Shoes,Sports,12,305.06,3660.72,West,Carol
ORD0135,2023-04-08,CUST484,Coffee,Food,3,300.87,902.61,West,Alice
ORD0136,2023-04-09,CUST720,Coffee,Food,12,397.51,4770.12,South,Bob
ORD0137,2023-04-10,CUST534,Fiction,Books,17,329.23,5596.91,East,Eve
ORD0138,2023-04-10,CUST507,Shoes,Clothing,10,496.11,4961.1,North,Alice
ORD0139,2023-04-11,CUST582,Dress,Clothing,14,145.51,2037.14,North,Bob
ORD0140,2023-04-12,CUST763,Racket,Sports,17,182.78,3107.26,West,Bob
ORD0141,2023-04-13,CUST116,Headphones,Electronics,18,195.0,3510.0,South,Carol
ORD0142,2023-04-13,CUST744,Racket,Sports,19,235.58,4476.02,West,Carol
ORD0143,2023-04-14,CUST247,Cookbook,Books,17,418.82,7119.94,South,Eve
ORD0144,2023-04-15,CUST376,Textbook,Books,14,121.72,1704.08,North,Bob
ORD0145,2023-04-16,CUST331,Cookbook,Books,9,389.12,3502.08,East,Frank
ORD0146,2023-04-16,CUST925,Non-Fiction,Books,8,205.63,1645.04,South,Bob
ORD0147,2023-04-17,CUST465,Textbook,Books,2,302.92,605.84,North,Carol
ORD0148,2023-04-18,CUST327,Spices,Food,13,318.11,4135.43,West,Frank
ORD0149,2023-04-18,CUST750,T-Shirt,Clothing,7,189.56,1326.92,South,Alice
ORD0150,2023-04-19,CUST535,Non-Fiction,Books,9,258.74,2328.66,East,Alice
ORD0151,2023-04-20,CUST498,Phone,Electronics,11,209.45,2303.95,West,David
ORD0152,2023-04-21,CUST310,Phone,Electronics,14,39.22,549.08,West,Carol
ORD0153,2023-04-21,CUST490,Tablet,Electronics,4,221.4,885.6,North,David
ORD0154,2023-04-22,CUST598,Camera,Electronics,13,53.21,691.73,South,Frank
ORD0155,2023-04-23,CUST639,Spices,Food,2,205.49,410.98,West,Carol
ORD0156,2023-04-24,CUST662,Laptop,Electronics,5,298.49,1492.45,East,Eve
ORD0157,2023-04-24,CUST590,Fiction,Books,11,291.81,3209.91,South,Bob
ORD0158,2023-04-25,CUST541,Dumbbell,Sports,6,333.0,1998.0,East,Eve
ORD0159,2023-04-26,CUST360,Laptop,Electronics,18,52.15,938.7,West,Frank
ORD0160,2023-04-26,CUST872,Snacks,Food,10,327.8,3278.0,East,Carol
ORD0161,2023-04-27,CUST449,Spices,Food,4,159.51,638.04,North,Frank
ORD0162,2023-04-28,CUST451,Phone,Electronics,9,202.53,1822.77,East,Bob
ORD0163,2023-04-29,CUST619,Yoga Mat,Sports,6,429.7,2578.2,South,Alice
ORD0164,2023-04-29,CUST419,Tablet,Electronics,2,9.47,18.94,East,Alice
ORD0165,2023-04-30,CUST237,Snacks,Food,17,296.26,5036.42,East,Frank
ORD0166,2023-05-01,CUST649,T-Shirt,Clothing,5,301.36,1506.8,North,David
ORD0167,2023-05-02,CUST722,Cookbook,Books,6,201.35,1208.1,East,Carol
ORD0168,2023-05-02,CUST467,Coffee,Food,12,122.33,1467.96,East,Carol
ORD0169,2023-05-03,CUST319,Phone,Electronics,10,121.16,1211.6,West,Alice
ORD0170,2023-05-04,CUST436,Fiction,Books,6,442.44,2654.64,West,Eve
ORD0171,2023-05-05,CUST322,Tablet,Electronics,8,223.8,1790.4,South,Bob
ORD0172,2023-05-05,CUST747,Laptop,Electronics,2,168.79,337.58,West,Eve
ORD0173,2023-05-06,CUST867,Shoes,Clothing,12,227.14,2725.68,West,Eve
ORD0174,2023-05-07,CUST459,Comic,Books,13,336.35,4372.55,West,Frank
ORD0175,2023-05-07,CUST428,Fiction,Books,7,77.15,540.05,West,Alice
ORD0176,2023-05-08,CUST562,Shoes,Clothing,10,227.47,2274.7,North,Alice
ORD0177,2023-05-09,CUST660,Spices,Food,13,296.0,3848.0,West,Alice
ORD0178,2023-05-10,CUST903,Tablet,Electronics,17,474.55,8067.35,North,Frank
ORD0179,2023-05-10,CUST481,Racket,Sports,14,130.0,1820.0,North,David
ORD0180,2023-05-11,CUST935,Camera,Electronics,2,182.83,365.66,West,Eve
ORD0181,2023-05-12,CUST689,Camera,Electronics,11,192.78,2120.58,East,Frank
ORD0182,2023-05-13,CUST716,Spices,Food,1,304.74,304.74,North,Carol
ORD0183,2023-05-13,CUST268,Phone,Electronics,19,181.58,3450.02,East,Bob
ORD0184,2023-05-14,CUST316,Jeans,Clothing,4,269.09,1076.36,East,David
ORD0185,2023-05-15,CUST477,Jacket,Clothing,19,391.99,7447.81,West,Carol
ORD0186,2023-05-15,CUST218,Fiction,Books,11,354.17,3895.87,South,Eve
ORD0187,2023-05-16,CUST289,Racket,Sports,8,225.95,1807.6,West,Alice
ORD0188,2023-05-17,CUST866,Laptop,Electronics,11,432.79,4760.69,South,Eve
ORD0189,2023-05-18,CUST469,Laptop,Electronics,4,281.28,1125.12,South,Frank
ORD0190,2023-05-18,CUST877,Snacks,Food,17,272.25,4628.25,West,Bob
ORD0191,2023-05-19,CUST248,Shoes,Clothing,7,21.92,153.44,West,Frank
ORD0192,2023-05-20,CUST775,Racket,Sports,8,493.41,3947.28,South,David
ORD0193,2023-05-21,CUST751,Comic,Books,3,65.87,197.61,West,David
ORD0194,2023-05-21,CUST958,T-Shirt,Clothing,2,119.41,238.82,South,Bob
ORD0195,2023-05-22,CUST587,Fiction,Books,15,30.59,458.85,East,Carol
ORD0196,2023-05-23,CUST869,Tea,Food,5,321.8,1609.0,West,Carol
ORD0197,2023-05-23,CUST473,Organic Basket,Food,1,116.23,116.23,East,David
ORD0198,2023-05-24,CUST880,Phone,Electronics,4,94.11,376.44,North,David
ORD0199,2023-05-25,CUST792,Dumbbell,Sports,15,48.84,732.6,East,Alice
ORD0200,2023-05-26,CUST259,Non-Fiction,Books,19,56.14,1066.66,East,Carol
ORD0201,2023-05-26,CUST450,Jacket,Clothing,3,294.41,883.23,South,Bob
ORD0202,2023-05-27,CUST387,Snacks,Food,11,345.66,3802.26,East,Carol
ORD0203,2023-05-28,CUST387,Phone,Electronics,17,201.7,3428.9,West,Alice
ORD0204,2023-05-29,CUST991,Headphones,Electronics,13,242.55,3153.15,South,Frank
ORD0205,2023-05-29,CUST325,Fiction,Books,11,344.55,3790.05,North,David
ORD0206,2023-05-30,CUST622,Organic Basket,Food,2,13.6,27.2,West,David
ORD0207,2023-05-31,CUST621,Racket,Sports,9,164.95,1484.55,North,Alice
ORD0208,2023-05-31,CUST882,Snacks,Food,2,486.68,973.36,East,Bob
ORD0209,2023-06-01,CUST372,Fiction,Books,9,292.16,2629.44,West,David
ORD0210,2023-06-02,CUST501,Fiction,Books,9,130.84,1177.56,West,Eve
ORD0211,2023-06-03,CUST282,Spices,Food,8,263.26,2106.08,North,David
ORD0212,2023-06-03,CUST764,Cookbook,Books,17,174.61,2968.37,West,Eve
ORD0213,2023-06-04,CUST587,Tea,Food,1,268.46,268.46,West,Alice
ORD0214,2023-06-05,CUST926,Jacket,Clothing,11,67.24,739.64,West,Alice
ORD0215,2023-06-06,CUST945,Snacks,Food,8,70.69,565.52,East,David
ORD0216,2023-06-06,CUST223,Organic Basket,Food,10,76.05,760.5,North,Carol
ORD0217,2023-06-07,CUST725,Non-Fiction,Books,7,470.21,3291.47,West,Eve
ORD0218,2023-06-08,CUST889,Non-Fiction,Books,3,367.78,1103.34,South,Bob
ORD0219,2023-06-09,CUST513,Phone,Electronics,3,85.38,256.14,South,David
ORD0220,2023-06-09,CUST824,Phone,Electronics,18,98.23,1768.14,South,Bob
ORD0221,2023-06-10,CUST271,Jacket,Clothing,5,366.76,1833.8,South,David
ORD0222,2023-06-11,CUST387,Tablet,Electronics,12,82.3,987.6,East,Carol
ORD0223,2023-06-11,CUST534,Tea,Food,12,121.11,1453.32,West,Carol
ORD0224,2023-06-12,CUST785,Comic,Books,19,481.86,9155.34,North,Carol
ORD0225,2023-06-13,CUST212,Laptop,Electronics,6,131.38,788.28,West,Frank
ORD0226,2023-06-14,CUST987,Laptop,Electronics,2,332.51,665.02,East,Carol
ORD0227,2023-06-14,CUST221,Dress,Clothing,12,489.42,5873.04,South,Alice
ORD0228,2023-06-15,CUST643,Jeans,Clothing,19,190.28,3615.32,East,Alice
ORD0229,2023-06-16,CUST321,Snacks,Food,5,13.67,68.35,West,Frank
ORD0230,2023-06-17,CUST730,Fiction,Books,12,125.85,1510.2,North,Eve
ORD0231,2023-06-17,CUST138,Shoes,Clothing,17,416.28,7076.76,East,Bob
ORD0232,2023-06-18,CUST596,Camera,Electronics,17,432.98,7360.66,North,David
ORD0233,2023-06-19,CUST879,Comic,Books,10,385.42,3854.2,East,David
ORD0234,2023-06-19,CUST332,Non-Fiction,Books,17,60.99,1036.83,North,Frank
ORD0235,2023-06-20,CUST629,Laptop,Electronics,15,398.78,5981.7,North,Alice
ORD0236,2023-06-21,CUST248,Jeans,Clothing,12,459.75,5517.0,South,David
ORD0237,2023-06-22,CUST496,Laptop,Electronics,16,302.3,4836.8,North,Alice
ORD0238,2023-06-22,CUST760,Comic,Books,19,470.73,8943.87,South,Eve
ORD0239,2023-06-23,CUST737,Cycle,Sports,8,414.29,3314.32,West,Bob
ORD0240,2023-06-24,CUST401,Racket,Sports,17,335.15,5697.55,West,Eve
ORD0241,2023-06-25,CUST459,Tea,Food,5,290.71,1453.55,South,Frank
ORD0242,2023-06-25,CUST337,Camera,Electronics,16,177.54,2840.64,South,Carol
ORD0243,2023-06-26,CUST746,Phone,Electronics,6,83.85,503.1,East,Carol
ORD0244,2023-06-27,CUST762,Spices,Food,8,304.45,2435.6,East,Carol
ORD0245,2023-06-27,CUST335,Snacks,Food,18,162.47,2924.46,East,Eve
ORD0246,2023-06-28,CUST835,Snacks,Food,12,433.89,5206.68,West,David
ORD0247,2023-06-29,CUST302,Textbook,Books,15,496.7,7450.5,East,Bob
ORD0248,2023-06-30,CUST355,Tablet,Electronics,9,377.45,3397.05,North,Carol
ORD0249,2023-06-30,CUST697,Fiction,Books,13,49.79,647.27,North,Frank
ORD0250,2023-07-01,CUST761,Snacks,Food,15,147.9,2218.5,East,Frank
ORD0251,2023-07-02,CUST334,Headphones,Electronics,10,59.01,590.1,North,Carol
ORD0252,2023-07-03,CUST444,Comic,Books,16,327.0,5232.0,West,Carol
ORD0253,2023-07-03,CUST633,Fiction,Books,7,383.77,2686.39,North,Bob
ORD0254,2023-07-04,CUST959,Snacks,Food,17,463.21,7874.57,West,Carol
ORD0255,2023-07-05,CUST896,Tablet,Electronics,7,221.9,1553.3,South,Bob
ORD0256,2023-07-06,CUST880,Snacks,Food,14,451.18,6316.52,South,Frank
ORD0257,2023-07-06,CUST565,Camera,Electronics,15,439.56,6593.4,South,Carol
ORD0258,2023-07-07,CUST869,Dumbbell,Sports,7,162.01,1134.07,South,Eve
ORD0259,2023-07-08,CUST640,Shoes,Clothing,9,435.11,3915.99,North,Eve
ORD0260,2023-07-08,CUST312,Jeans,Clothing,19,190.96,3628.24,East,Frank
ORD0261,2023-07-09,CUST562,Jacket,Clothing,16,151.95,2431.2,North,Bob
ORD0262,2023-07-10,CUST535,Snacks,Food,8,326.29,2610.32,West,Eve
ORD0263,2023-07-11,CUST382,Racket,Sports,18,167.55,3015.9,North,Bob
ORD0264,2023-07-11,CUST661,Camera,Electronics,18,316.95,5705.1,North,Eve
ORD0265,2023-07-12,CUST706,Non-Fiction,Books,7,306.87,2148.09,West,Eve
ORD0266,2023-07-13,CUST562,Headphones,Electronics,3,283.9,851.7,South,Bob
ORD0267,2023-07-14,CUST506,Non-Fiction,Books,18,193.31,3479.58,South,David
ORD0268,2023-07-14,CUST187,Camera,Electronics,10,276.51,2765.1,South,Eve
ORD0269,2023-07-15,CUST143,Racket,Sports,7,300.26,2101.82,East,Carol
ORD0270,2023-07-16,CUST560,Fiction,Books,17,275.12,4677.04,West,Frank
ORD0271,2023-07-16,CUST377,Spices,Food,14,224.99,3149.86,West,David
ORD0272,2023-07-17,CUST782,Laptop,Electronics,3,12.26,36.78,North,Bob
ORD0273,2023-07-18,CUST520,Headphones,Electronics,12,295.6,3547.2,East,David
ORD0274,2023-07-19,CUST800,Non-Fiction,Books,13,88.38,1148.94,South,Alice
ORD0275,2023-07-19,CUST452,Tea,Food,2,323.08,646.16,East,Alice
ORD0276,2023-07-20,CUST795,Coffee,Food,3,380.88,1142.64,West,Eve
ORD0277,2023-07-21,CUST614,Dumbbell,Sports,5,252.72,1263.6,West,Eve
ORD0278,2023-07-22,CUST802,Spices,Food,11,273.47,3008.17,North,Carol
ORD0279,2023-07-22,CUST729,Snacks,Food,8,475.98,3807.84,North,Frank
ORD0280,2023-07-23,CUST118,Coffee,Food,12,424.35,5092.2,West,David
ORD0281,2023-07-24,CUST122,Jeans,Clothing,7,457.55,3202.85,South,Alice
ORD0282,2023-07-24,CUST512,Yoga Mat,Sports,15,407.81,6117.15,South,Eve
ORD0283,2023-07-25,CUST129,Laptop,Electronics,17,58.91,1001.47,East,Frank
ORD0284,2023-07-26,CUST906,Textbook,Books,4,78.75,315.0,West,David
ORD0285,2023-07-27,CUST207,Camera,Electronics,13,265.68,3453.84,West,Eve
ORD0286,2023-07-27,CUST466,Yoga Mat,Sports,18,126.8,2282.4,South,Eve
ORD0287,2023-07-28,CUST380,Non-Fiction,Books,1,240.96,240.96,South,Alice
ORD0288,2023-07-29,CUST227,Cycle,Sports,16,200.21,3203.36,West,Alice
ORD0289,2023-07-30,CUST328,Coffee,Food,13,276.96,3600.48,North,Eve
ORD0290,2023-07-30,CUST210,Fiction,Books,10,374.7,3747.0,West,Bob
ORD0291,2023-07-31,CUST235,Snacks,Food,12,359.17,4310.04,West,Eve
ORD0292,2023-08-01,CUST461,Camera,Electronics,2,263.01,526.02,South,Frank
ORD0293,2023-08-02,CUST285,Headphones,Electronics,3,412.08,1236.24,South,Eve
ORD0294,2023-08-02,CUST755,Non-Fiction,Books,10,218.28,2182.8,North,Carol
ORD0295,2023-08-03,CUST683,Comic,Books,2,448.87,897.74,North,Carol
ORD0296,2023-08-04,CUST228,Dumbbell,Sports,13,40.28,523.64,East,Carol
ORD0297,2023-08-04,CUST975,Racket,Sports,13,477.56,6208.28,West,Bob
ORD0298,2023-08-05,CUST360,Tea,Food,18,329.07,5923.26,South,Bob
ORD0299,2023-08-06,CUST614,Textbook,Books,3,193.14,579.42,North,Eve
ORD0300,2023-08-07,CUST548,Tablet,Electronics,7,102.59,718.13,East,Carol
ORD0301,2023-08-07,CUST203,Running Shoes,Sports,14,242.2,3390.8,East,Bob
ORD0302,2023-08-08,CUST582,Running Shoes,Sports,17,101.31,1722.27,South,Alice
ORD0303,2023-08-09,CUST323,Headphones,Electronics,12,87.33,1047.96,South,Eve
ORD0304,2023-08-10,CUST931,Racket,Sports,16,310.59,4969.44,East,Frank
ORD0305,2023-08-10,CUST973,Tea,Food,12,263.93,3167.16,North,David
ORD0306,2023-08-11,CUST965,Non-Fiction,Books,15,336.7,5050.5,East,Eve
ORD0307,2023-08-12,CUST590,Tablet,Electronics,10,465.15,4651.5,West,David
ORD0308,2023-08-12,CUST572,Textbook,Books,7,268.47,1879.29,West,Carol
ORD0309,2023-08-13,CUST109,Yoga Mat,Sports,5,292.56,1462.8,South,David
ORD0310,2023-08-14,CUST504,Racket,Sports,1,49.37,49.37,North,Carol
ORD0311,2023-08-15,CUST995,Headphones,Electronics,17,360.23,6123.91,North,Alice
ORD0312,2023-08-15,CUST401,Tea,Food,3,202.95,608.85,West,David
ORD0313,2023-08-16,CUST330,T-Shirt,Clothing,13,488.48,6350.24,East,Eve
ORD0314,2023-08-17,CUST830,Laptop,Electronics,14,412.47,5774.58,South,Carol
ORD0315,2023-08-18,CUST165,Jeans,Clothing,18,263.63,4745.34,East,Eve
ORD0316,2023-08-18,CUST211,Dress,Clothing,4,66.0,264.0,East,Bob
ORD0317,2023-08-19,CUST112,Coffee,Food,18,430.41,7747.38,East,Carol
ORD0318,2023-08-20,CUST492,T-Shirt,Clothing,5,400.89,2004.45,North,David
ORD0319,2023-08-20,CUST599,Shoes,Clothing,16,96.37,1541.92,West,Carol
ORD0320,2023-08-21,CUST697,Organic Basket,Food,1,151.16,151.16,North,Eve
ORD0321,2023-08-22,CUST333,T-Shirt,Clothing,14,397.74,5568.36,West,Alice
ORD0322,2023-08-23,CUST701,Dress,Clothing,15,96.69,1450.35,South,Carol
ORD0323,2023-08-23,CUST413,Jeans,Clothing,9,459.29,4133.61,South,David
ORD0324,2023-08-24,CUST665,Tablet,Electronics,15,215.14,3227.1,East,Bob
ORD0325,2023-08-25,CUST111,Laptop,Electronics,17,48.08,817.36,West,Frank
ORD0326,2023-08-26,CUST308,Camera,Electronics,4,408.8,1635.2,West,Alice
ORD0327,2023-08-26,CUST113,Tea,Food,12,189.89,2278.68,West,Bob
ORD0328,2023-08-27,CUST732,Cycle,Sports,5,265.62,1328.1,East,Carol
ORD0329,2023-08-28,CUST517,Jeans,Clothing,5,60.59,302.95,East,Eve
ORD0330,2023-08-28,CUST536,T-Shirt,Clothing,11,6.28,69.08,South,Eve
ORD0331,2023-08-29,CUST476,Organic Basket,Food,6,320.8,1924.8,North,David
ORD0332,2023-08-30,CUST119,Jacket,Clothing,7,260.01,1820.07,West,Eve
ORD0333,2023-08-31,CUST686,Phone,Electronics,14,298.8,4183.2,West,Alice
ORD0334,2023-08-31,CUST854,Yoga Mat,Sports,11,397.9,4376.9,North,Eve
ORD0335,2023-09-01,CUST834,Cookbook,Books,13,325.07,4225.91,West,David
ORD0336,2023-09-02,CUST169,Dress,Clothing,2,91.51,183.02,East,Frank
ORD0337,2023-09-03,CUST923,Phone,Electronics,7,183.58,1285.06,East,Carol
ORD0338,2023-09-03,CUST310,Non-Fiction,Books,4,453.42,1813.68,West,Carol
ORD0339,2023-09-04,CUST200,Running Shoes,Sports,8,386.12,3088.96,East,Eve
ORD0340,2023-09-05,CUST797,Textbook,Books,19,280.54,5330.26,East,Bob
ORD0341,2023-09-06,CUST231,Camera,Electronics,13,131.54,1710.02,West,Carol
ORD0342,2023-09-06,CUST722,Cookbook,Books,14,154.52,2163.28,South,Frank
ORD0343,2023-09-07,CUST480,Coffee,Food,10,367.32,3673.2,North,Eve
ORD0344,2023-09-08,CUST231,Fiction,Books,11,426.33,4689.63,East,David
ORD0345,2023-09-08,CUST119,Shoes,Clothing,2,337.36,674.72,South,Frank
ORD0346,2023-09-09,CUST635,Shoes,Clothing,9,405.72,3651.48,East,Eve
ORD0347,2023-09-10,CUST326,Organic Basket,Food,17,384.49,6536.33,East,Frank
ORD0348,2023-09-11,CUST253,Tablet,Electronics,3,79.1,237.3,North,Carol
ORD0349,2023-09-11,CUST904,T-Shirt,Clothing,6,214.85,1289.1,East,David
ORD0350,2023-09-12,CUST841,Running Shoes,Sports,5,80.73,403.65,North,Eve
ORD0351,2023-09-13,CUST568,Jacket,Clothing,5,121.44,607.2,North,Alice
ORD0352,2023-09-14,CUST921,Shoes,Clothing,15,435.28,6529.2,North,David
ORD0353,2023-09-14,CUST970,Headphones,Electronics,17,239.08,4064.36,South,Alice
ORD0354,2023-09-15,CUST504,Non-Fiction,Books,9,270.0,2430.0,West,Frank
ORD0355,2023-09-16,CUST301,Dress,Clothing,3,93.33,279.99,South,Bob
ORD0356,2023-09-16,CUST137,Organic Basket,Food,17,159.57,2712.69,West,David
ORD0357,2023-09-17,CUST871,Textbook,Books,10,118.97,1189.7,West,Frank
ORD0358,2023-09-18,CUST287,Cycle,Sports,3,107.06,321.18,North,Alice
ORD0359,2023-09-19,CUST156,Laptop,Electronics,18,320.79,5774.22,East,Carol
ORD0360,2023-09-19,CUST119,Running Shoes,Sports,18,132.16,2378.88,North,Carol
ORD0361,2023-09-20,CUST372,Fiction,Books,17,317.85,5403.45,East,Bob
ORD0362,2023-09-21,CUST218,Non-Fiction,Books,3,33.94,101.82,West,David
ORD0363,2023-09-22,CUST682,Textbook,Books,3,75.18,225.54,North,David
ORD0364,2023-09-22,CUST615,Dumbbell,Sports,6,140.9,845.4,East,David
ORD0365,2023-09-23,CUST320,Textbook,Books,13,300.54,3907.02,South,Frank
ORD0366,2023-09-24,CUST625,Racket,Sports,15,339.54,5093.1,East,Bob
ORD0367,2023-09-24,CUST614,Comic,Books,9,224.14,2017.26,North,David
ORD0368,2023-09-25,CUST827,Spices,Food,4,225.67,902.68,South,Frank
ORD0369,2023-09-26,CUST840,Non-Fiction,Books,14,363.64,5090.96,East,Carol
ORD0370,2023-09-27,CUST435,Cycle,Sports,5,12.83,64.15,East,Alice
ORD0371,2023-09-27,CUST797,Jacket,Clothing,2,173.84,347.68,East,Frank
ORD0372,2023-09-28,CUST154,Comic,Books,11,410.26,4512.86,East,Carol
ORD0373,2023-09-29,CUST599,T-Shirt,Clothing,9,303.59,2732.31,East,Carol
ORD0374,2023-09-30,CUST987,Organic Basket,Food,3,171.93,515.79,South,Alice
ORD0375,2023-09-30,CUST865,Laptop,Electronics,9,453.23,4079.07,West,Carol
ORD0376,2023-10-01,CUST635,Organic Basket,Food,3,387.45,1162.35,South,Bob
ORD0377,2023-10-02,CUST261,Fiction,Books,2,136.12,272.24,South,Alice
ORD0378,2023-10-03,CUST769,Jeans,Clothing,12,324.42,3893.04,South,Carol
ORD0379,2023-10-03,CUST693,Shoes,Clothing,10,299.9,2999.0,West,Eve
ORD0380,2023-10-04,CUST258,Running Shoes,Sports,9,203.59,1832.31,North,Frank
ORD0381,2023-10-05,CUST287,Dress,Clothing,15,186.64,2799.6,West,Carol
ORD0382,2023-10-05,CUST159,Racket,Sports,8,175.06,1400.48,South,Bob
ORD0383,2023-10-06,CUST916,Tablet,Electronics,5,310.49,1552.45,East,David
ORD0384,2023-10-07,CUST418,Textbook,Books,11,223.99,2463.89,East,Carol
ORD0385,2023-10-08,CUST977,Yoga Mat,Sports,2,416.77,833.54,South,David
ORD0386,2023-10-08,CUST310,Phone,Electronics,15,336.45,5046.75,East,Eve
ORD0387,2023-10-09,CUST505,Jeans,Clothing,6,39.62,237.72,South,Carol
ORD0388,2023-10-10,CUST763,Shoes,Clothing,8,321.88,2575.04,East,Alice
ORD0389,2023-10-11,CUST208,Phone,Electronics,5,139.22,696.1,West,David
ORD0390,2023-10-11,CUST175,Dress,Clothing,16,298.44,4775.04,North,Eve
ORD0391,2023-10-12,CUST641,Phone,Electronics,18,341.67,6150.06,North,Alice
ORD0392,2023-10-13,CUST413,Racket,Sports,6,119.26,715.56,West,Alice
ORD0393,2023-10-13,CUST216,Dumbbell,Sports,5,231.15,1155.75,West,Alice
ORD0394,2023-10-14,CUST967,Headphones,Electronics,16,99.21,1587.36,South,Alice
ORD0395,2023-10-15,CUST803,Yoga Mat,Sports,13,30.91,401.83,South,Carol
ORD0396,2023-10-16,CUST118,Racket,Sports,5,192.35,961.75,South,Frank
ORD0397,2023-10-16,CUST531,Yoga Mat,Sports,13,184.66,2400.58,East,Carol
ORD0398,2023-10-17,CUST784,Coffee,Food,17,497.76,8461.92,South,Carol
ORD0399,2023-10-18,CUST839,Fiction,Books,18,225.94,4066.92,West,Eve
ORD0400,2023-10-19,CUST449,Jacket,Clothing,8,170.12,1360.96,North,Eve
ORD0401,2023-10-19,CUST282,Snacks,Food,13,292.34,3800.42,East,Frank
ORD0402,2023-10-20,CUST212,Yoga Mat,Sports,19,48.94,929.86,South,Eve
ORD0403,2023-10-21,CUST282,Camera,Electronics,3,481.02,1443.06,East,Bob
ORD0404,2023-10-21,CUST580,Cycle,Sports,8,319.31,2554.48,East,Frank
ORD0405,2023-10-22,CUST245,Comic,Books,2,378.64,757.28,South,Eve
ORD0406,2023-10-23,CUST930,Dumbbell,Sports,8,89.39,715.12,East,Frank
ORD0407,2023-10-24,CUST727,Camera,Electronics,13,207.69,2699.97,North,Carol
ORD0408,2023-10-24,CUST212,Textbook,Books,13,214.23,2784.99,West,Carol
ORD0409,2023-10-25,CUST862,Yoga Mat,Sports,1,411.79,411.79,West,Frank
ORD0410,2023-10-26,CUST575,Non-Fiction,Books,6,5.61,33.66,North,Bob
ORD0411,2023-10-27,CUST862,Dress,Clothing,19,153.92,2924.48,East,Bob
ORD0412,2023-10-27,CUST402,Jacket,Clothing,16,490.71,7851.36,South,Frank
ORD0413,2023-10-28,CUST924,Running Shoes,Sports,8,240.07,1920.56,East,Eve
ORD0414,2023-10-29,CUST217,Fiction,Books,1,194.35,194.35,North,David
ORD0415,2023-10-29,CUST912,Headphones,Electronics,16,64.32,1029.12,East,Bob
ORD0416,2023-10-30,CUST260,Racket,Sports,9,487.21,4384.89,West,Alice
ORD0417,2023-10-31,CUST500,Jacket,Clothing,13,14.91,193.83,East,Carol
ORD0418,2023-11-01,CUST297,T-Shirt,Clothing,11,369.9,4068.9,North,Frank
ORD0419,2023-11-01,CUST359,Racket,Sports,13,385.46,5010.98,West,Alice
ORD0420,2023-11-02,CUST759,Comic,Books,10,125.61,1256.1,East,Frank
ORD0421,2023-11-03,CUST851,Jacket,Clothing,4,337.42,1349.68,East,Carol
ORD0422,2023-11-04,CUST146,Cookbook,Books,6,51.0,306.0,West,Carol
ORD0423,2023-11-04,CUST498,Shoes,Clothing,7,132.24,925.68,South,Bob
ORD0424,2023-11-05,CUST809,Shoes,Clothing,5,395.01,1975.05,West,Bob
ORD0425,2023-11-06,CUST658,Snacks,Food,11,433.02,4763.22,South,Alice
ORD0426,2023-11-07,CUST177,Jacket,Clothing,13,306.2,3980.6,North,Frank
ORD0427,2023-11-07,CUST223,Phone,Electronics,19,255.89,4861.91,North,Carol
ORD0428,2023-11-08,CUST174,Cycle,Sports,10,83.86,838.6,West,Alice
ORD0429,2023-11-09,CUST970,Yoga Mat,Sports,10,36.24,362.4,West,David
ORD0430,2023-11-09,CUST236,Cookbook,Books,11,63.24,695.64,North,Alice
ORD0431,2023-11-10,CUST701,Jeans,Clothing,7,117.54,822.78,South,Eve
ORD0432,2023-11-11,CUST499,Laptop,Electronics,18,174.13,3134.34,North,Alice
ORD0433,2023-11-12,CUST936,Non-Fiction,Books,4,193.55,774.2,West,Eve
ORD0434,2023-11-12,CUST604,Snacks,Food,2,176.43,352.86,North,Eve
ORD0435,2023-11-13,CUST599,Cookbook,Books,14,123.33,1726.62,West,Eve
ORD0436,2023-11-14,CUST672,Fiction,Books,13,257.31,3345.03,West,David
ORD0437,2023-11-15,CUST237,T-Shirt,Clothing,12,413.52,4962.24,North,Alice
ORD0438,2023-11-15,CUST149,Coffee,Food,7,143.45,1004.15,South,Alice
ORD0439,2023-11-16,CUST870,Fiction,Books,2,471.48,942.96,East,David
ORD0440,2023-11-17,CUST718,Laptop,Electronics,13,437.3,5684.9,North,Carol
ORD0441,2023-11-17,CUST724,Phone,Electronics,14,85.07,1190.98,East,Bob
ORD0442,2023-11-18,CUST961,Racket,Sports,17,394.21,6701.57,North,Alice
ORD0443,2023-11-19,CUST353,Snacks,Food,9,289.42,2604.78,East,Bob
ORD0444,2023-11-20,CUST729,Snacks,Food,17,285.45,4852.65,South,Frank
ORD0445,2023-11-20,CUST809,Running Shoes,Sports,8,198.57,1588.56,South,Frank
ORD0446,2023-11-21,CUST948,Textbook,Books,2,253.07,506.14,North,David
ORD0447,2023-11-22,CUST976,Tea,Food,13,201.6,2620.8,West,Frank
ORD0448,2023-11-23,CUST662,Headphones,Electronics,3,272.17,816.51,East,Frank
ORD0449,2023-11-23,CUST856,Camera,Electronics,16,315.84,5053.44,West,Carol
ORD0450,2023-11-24,CUST525,T-Shirt,Clothing,6,338.78,2032.68,West,Carol
ORD0451,2023-11-25,CUST646,Organic Basket,Food,19,268.58,5103.02,West,Carol
ORD0452,2023-11-25,CUST401,Textbook,Books,7,362.1,2534.7,South,Frank
ORD0453,2023-11-26,CUST680,Cycle,Sports,10,74.93,749.3,North,David
ORD0454,2023-11-27,CUST448,Racket,Sports,9,109.93,989.37,North,Eve
ORD0455,2023-11-28,CUST931,Fiction,Books,2,410.27,820.54,South,Eve
ORD0456,2023-11-28,CUST148,T-Shirt,Clothing,15,164.65,2469.75,South,Bob
ORD0457,2023-11-29,CUST173,Racket,Sports,5,16.33,81.65,North,Eve
ORD0458,2023-11-30,CUST803,Spices,Food,4,81.13,324.52,West,Eve
ORD0459,2023-12-01,CUST360,Jacket,Clothing,4,115.69,462.76,East,Carol
ORD0460,2023-12-01,CUST455,Coffee,Food,18,478.87,8619.66,East,Carol
ORD0461,2023-12-02,CUST681,Headphones,Electronics,4,288.66,1154.64,East,Frank
ORD0462,2023-12-03,CUST701,Jeans,Clothing,17,466.7,7933.9,West,Bob
ORD0463,2023-12-04,CUST359,Dumbbell,Sports,12,289.71,3476.52,North,Alice
ORD0464,2023-12-04,CUST737,Shoes,Clothing,17,242.28,4118.76,South,Bob
ORD0465,2023-12-05,CUST842,Jacket,Clothing,10,160.3,1603.0,North,Bob
ORD0466,2023-12-06,CUST394,Jeans,Clothing,1,305.15,305.15,West,David
ORD0467,2023-12-06,CUST740,T-Shirt,Clothing,18,73.9,1330.2,South,Frank
ORD0468,2023-12-07,CUST891,Spices,Food,18,449.64,8093.52,West,David
ORD0469,2023-12-08,CUST412,Headphones,Electronics,14,415.52,5817.28,East,Bob
ORD0470,2023-12-09,CUST711,Cookbook,Books,15,162.18,2432.7,East,Bob
ORD0471,2023-12-09,CUST937,Dress,Clothing,12,476.63,5719.56,West,Bob
ORD0472,2023-12-10,CUST908,Racket,Sports,4,413.47,1653.88,South,Eve
ORD0473,2023-12-11,CUST281,Shoes,Clothing,3,334.82,1004.46,South,David
ORD0474,2023-12-12,CUST785,Racket,Sports,12,65.27,783.24,North,Bob
ORD0475,2023-12-12,CUST927,Organic Basket,Food,7,241.73,1692.11,East,Carol
ORD0476,2023-12-13,CUST463,Cycle,Sports,11,255.52,2810.72,North,Frank
ORD0477,2023-12-14,CUST287,Cookbook,Books,1,120.11,120.11,North,Frank
ORD0478,2023-12-14,CUST668,Phone,Electronics,6,44.58,267.48,West,Carol
ORD0479,2023-12-15,CUST642,Running Shoes,Sports,15,389.48,5842.2,West,Frank
ORD0480,2023-12-16,CUST695,Running Shoes,Sports,15,65.41,981.15,North,Eve
ORD0481,2023-12-17,CUST763,Tablet,Electronics,19,299.17,5684.23,East,Eve
ORD0482,2023-12-17,CUST647,Comic,Books,11,468.54,5153.94,West,Alice
ORD0483,2023-12-18,CUST824,Dress,Clothing,2,438.67,877.34,North,Alice
ORD0484,2023-12-19,CUST507,Dumbbell,Sports,14,142.49,1994.86,North,Alice
ORD0485,2023-12-20,CUST975,Tablet,Electronics,2,426.47,852.94,North,Frank
ORD0486,2023-12-20,CUST717,Snacks,Food,4,5.16,20.64,North,Eve
ORD0487,2023-12-21,CUST513,Camera,Electronics,17,13.76,233.92,North,Eve
ORD0488,2023-12-22,CUST441,Organic Basket,Food,3,303.26,909.78,North,Eve
ORD0489,2023-12-22,CUST319,Textbook,Books,13,185.58,2412.54,West,Carol
ORD0490,2023-12-23,CUST262,Jeans,Clothing,9,196.3,1766.7,East,Eve
ORD0491,2023-12-24,CUST319,Phone,Electronics,7,284.4,1990.8,North,Carol
ORD0492,2023-12-25,CUST369,Running Shoes,Sports,15,99.93,1498.95,South,Alice
ORD0493,2023-12-25,CUST731,Comic,Books,11,109.82,1208.02,West,Alice
ORD0494,2023-12-26,CUST947,Phone,Electronics,2,244.88,489.76,West,Frank
ORD0495,2023-12-27,CUST499,Racket,Sports,15,378.36,5675.4,North,Alice
ORD0496,2023-12-28,CUST281,Phone,Electronics,14,311.65,4363.1,West,Frank
ORD0497,2023-12-28,CUST717,Coffee,Food,11,152.19,1674.09,North,Bob
ORD0498,2023-12-29,CUST828,Laptop,Electronics,3,218.02,654.06,East,Bob
ORD0499,2023-12-30,CUST304,Headphones,Electronics,17,89.48,1521.16,East,David
ORD0500,2023-12-31,CUST681,Tablet,Electronics,12,41.94,503.28,West,Frank
